"start","end"
61.8139229024943,63.5051587301587
64.3448979591837,66.0245238095238
231.158560090703,234.682664399093
236.787891156463,238.560396825397
271.768752834467,277.233231292517
296.683764172336,299.32701814059
